﻿States,April
Andaman and Nicobar Islands,-1
Andhra Pradesh,20.5
Arunachal Pradesh,-1
Assam,11.1
Bihar,46.6
Chandigarh,-1
Chhattisgarh,3.4
Delhi,16.7
Goa,13.3
Gujarat,18.7
Haryana,43.2
Himachal Pradesh,2.2
Jammu & Kashmir,-1
Jharkhand,47.1
Karnataka,29.8
Kerala,17
Ladakh,-1
Madhya Pradesh,12.4
Maharashtra,20.9
Manipur,-1
Meghalaya,10
Mizoram,-1
Nagaland,-1
Odisha,23.8
Puducherry,75.8
Punjab,2.9
Rajasthan,17.7
Sikkim,2.3
Tamil Nadu,49.8
Telangana,6.2
Tripura,41.2
Uttar Pradesh,21.5
Uttarakhand,6.5
West Bengal,17.4
