﻿States,March
Andaman and Nicobar Islands,-1
Andhra Pradesh,5.9
Arunachal Pradesh,-1
Assam,1.1
Bihar,14.5
Chandigarh,-1
Chhattisgarh,2.7
Delhi,9.4
Goa,22.1
Gujarat,2.1
Haryana,28.1
Himachal Pradesh,14.3
Jammu & Kashmir,9
Jharkhand,12.8
Karnataka,1.2
Kerala,5.9
Ladakh,-1
Madhya Pradesh,1.6
Maharashtra,3.6
Manipur,-1
Meghalaya,1.3
Mizoram,-1
Nagaland,-1
Odisha,1.6
Puducherry,1.4
Punjab,7.4
Rajasthan,19.7
Sikkim,1.7
Tamil Nadu,3.1
Telangana,3.8
Tripura,13.9
Uttar Pradesh,4.1
Uttarakhand,3.8
West Bengal,7.5
