﻿States,Feb-21
Andaman and Nicobar Islands,-1
Andhra Pradesh,3.9
Arunachal Pradesh,-1
Assam,0.02
Bihar,11.5
Chandigarh,-1
Chhattisgarh,6.2
Delhi,8
Goa,21.1
Gujarat,3.2
Haryana,26.4
Himachal Pradesh,15.1
Jammu and Kashmir,14.2
Jharkhand,12.1
Karnataka,2.5
Kerala,4.3
Ladakh,-1
Madhya Pradesh,2.1
Maharashtra,3.8
Manipur,-1
Meghalaya,3.8
Mizoram,-1
Nagaland,-1
Odisha,2.5
Puducherry,75.8
Punjab,7.2
Rajasthan,25.6
Sikkim,4.3
Tamil Nadu,9.8
Telangana,5.7
Tripura,11.1
Uttar Pradesh,4.1
Uttarakhand,4.7
West Bengal,6.2
